{
    "num_blocks": 1,
    "blocks": [
        {
            "block_id": 0,
            "x": 0.11006666666666666,
            "y": 0.09789583333333332,
            "z": 0.034,
            "rotation": 1.6683349609375
        }
    ],
    "tower_id": 3
}