{
    "num_blocks": 2,
    "blocks": [
        {
            "block_id": 0,
            "x": 0.09075208333333333,
            "y": 0.09763125,
            "z": 0.035,
            "rotation": -0.8184554576873779
        },
        {
            "block_id": 1,
            "x": 0.17779999999999999,
            "y": 0.09604375,
            "z": 0.035,
            "rotation": -0.7345210313796997
        }
    ],
    "tower_id": 1
}