{
    "num_blocks": 4,
    "blocks": [
        {
            "block_id": 8,
            "x": 0.09525,
            "y": 0.12488333333333333,
            "z": 0.08900000000000001,
            "rotation": -85.45195770263672,
            "layer": 5
        },
        {
            "block_id": 9,
            "x": 0.09445624999999999,
            "y": 0.08598958333333333,
            "z": 0.08900000000000001,
            "rotation": -86.35881805419922,
            "layer": 5
        },
        {
            "block_id": 6,
            "x": 0.11482916666666665,
            "y": 0.10583333333333333,
            "z": 0.075,
            "rotation": -2.4895529747009277,
            "layer": 4
        },
        {
            "block_id": 7,
            "x": 0.07805208333333333,
            "y": 0.10186458333333334,
            "z": 0.075,
            "rotation": 3.3664627075195312,
            "layer": 4
        }
    ],
    "tower_id": 21
}