{
    "num_blocks": 4,
    "blocks": [
        {
            "block_id": 2,
            "x": 0.12329583333333334,
            "y": 0.12170833333333334,
            "z": 0.048,
            "rotation": -65.55604553222656
        },
        {
            "block_id": 3,
            "x": 0.13996458333333334,
            "y": 0.08625416666666667,
            "z": 0.048,
            "rotation": -67.83365631103516
        },
        {
            "block_id": 0,
            "x": 0.15927916666666667,
            "y": 0.10900833333333333,
            "z": 0.034,
            "rotation": 27.349876403808594
        },
        {
            "block_id": 1,
            "x": 0.1016,
            "y": 0.09154583333333333,
            "z": 0.034,
            "rotation": 23.120849609375
        }
    ],
    "tower_id": 8
}