{
    "num_blocks": 2,
    "blocks": [
        {
            "block_id": 0,
            "x": 0.16430625,
            "y": 0.10212916666666666,
            "z": 0.034,
            "rotation": 2.9507827758789062
        },
        {
            "block_id": 1,
            "x": 0.11006666666666666,
            "y": 0.09789583333333332,
            "z": 0.034,
            "rotation": 2.3859405517578125
        }
    ],
    "tower_id": 2
}