{
    "num_blocks": 2,
    "blocks": [
        {
            "block_id": 0,
            "x": 0.15927916666666667,
            "y": 0.11403541666666665,
            "z": 0.034,
            "rotation": 47.38594436645508
        },
        {
            "block_id": 1,
            "x": 0.098425,
            "y": 0.09419166666666667,
            "z": 0.034,
            "rotation": 49.144622802734375
        }
    ],
    "tower_id": 6
}