{
    "num_blocks": 4,
    "blocks": [
        {
            "block_id": 8,
            "x": 0.09101666666666666,
            "y": 0.13414375,
            "z": 0.08900000000000001,
            "rotation": -90.0,
            "layer": 5
        },
        {
            "block_id": 9,
            "x": 0.09657291666666666,
            "y": 0.09657291666666666,
            "z": 0.08900000000000001,
            "rotation": -88.06941223144531,
            "layer": 5
        },
        {
            "block_id": 6,
            "x": 0.07646458333333332,
            "y": 0.11218333333333334,
            "z": 0.075,
            "rotation": 1.2018356323242188,
            "layer": 4
        },
        {
            "block_id": 7,
            "x": 0.10874375,
            "y": 0.11165416666666665,
            "z": 0.075,
            "rotation": -3.4336304664611816,
            "layer": 4
        }
    ],
    "tower_id": 22
}