{
    "num_blocks": 4,
    "blocks": [
        {
            "block_id": 8,
            "x": 0.09710208333333332,
            "y": 0.11985625,
            "z": 0.08900000000000001,
            "rotation": 84.20078229904175,
            "layer": 5
        },
        {
            "block_id": 9,
            "x": 0.09710208333333332,
            "y": 0.08202083333333332,
            "z": 0.08900000000000001,
            "rotation": 85.34174585342407,
            "layer": 5
        },
        {
            "block_id": 6,
            "x": 0.079375,
            "y": 0.10556874999999999,
            "z": 0.075,
            "rotation": -2.075026512145996,
            "layer": 4
        },
        {
            "block_id": 7,
            "x": 0.11456458333333333,
            "y": 0.10027708333333332,
            "z": 0.075,
            "rotation": -7.352378845214844,
            "layer": 4
        }
    ],
    "tower_id": 20
}