{
    "num_blocks": 2,
    "blocks": [
        {
            "block_id": 0,
            "x": 0.17092083333333333,
            "y": 0.10874375,
            "z": 0.034,
            "rotation": 0.8814010620117188
        },
        {
            "block_id": 1,
            "x": 0.08916458333333332,
            "y": 0.10689166666666665,
            "z": 0.034,
            "rotation": 0.0
        }
    ],
    "tower_id": 5
}