{
    "num_blocks": 4,
    "blocks": [
        {
            "block_id": 2,
            "x": 0.11721041666666665,
            "y": 0.12885208333333334,
            "z": 0.048,
            "rotation": -57.652557373046875
        },
        {
            "block_id": 3,
            "x": 0.14340416666666667,
            "y": 0.09604375,
            "z": 0.048,
            "rotation": -61.10358428955078
        },
        {
            "block_id": 0,
            "x": 0.15610416666666665,
            "y": 0.11509375,
            "z": 0.034,
            "rotation": 43.451839447021484
        },
        {
            "block_id": 1,
            "x": 0.1016,
            "y": 0.09498541666666667,
            "z": 0.034,
            "rotation": 43.8766975402832
        }
    ],
    "tower_id": 7
}