{
    "num_blocks": 2,
    "blocks": [
        {
            "block_id": 0,
            "x": 0.08810625,
            "y": 0.10583333333333333,
            "z": 0.034,
            "rotation": 0.0
        },
        {
            "block_id": 1,
            "x": 0.17092083333333333,
            "y": 0.104775,
            "z": 0.034,
            "rotation": 0.0
        }
    ],
    "tower_id": 4
}