{
    "num_blocks": 4,
    "blocks": [
        {
            "block_id": 2,
            "x": 0.13123333333333334,
            "y": 0.12461875,
            "z": 0.047,
            "rotation": -74.47589111328125
        },
        {
            "block_id": 3,
            "x": 0.14896041666666665,
            "y": 0.08466666666666667,
            "z": 0.047,
            "rotation": -72.73419189453125
        },
        {
            "block_id": 0,
            "x": 0.16245416666666665,
            "y": 0.10609791666666665,
            "z": 0.033,
            "rotation": 30.173519134521484
        },
        {
            "block_id": 1,
            "x": 0.11377083333333333,
            "y": 0.08837083333333333,
            "z": 0.033,
            "rotation": 24.87415313720703
        }
    ],
    "tower_id": 9
}